generation,rank,stage,fitness,mean_score,std_score,mean_steps,mean_max_tile,rate_2048,rate_4096,rate_8192,w_lost_penalty,w_empty,w_merges,w_monotonicity,w_sum
0,1,full,30748.070970,76445.000000,25595.830578,3493.125000,4352.000000,1.000000,0.875000,0.125000,200000,287.294624735,685.70520267,70.8171551013,10.6536176932
0,2,full,29655.797735,74738.500000,26134.492299,3366.500000,4608.000000,1.000000,0.750000,0.250000,200000,360.220852949,846.572369569,40,10.0200107429
0,3,full,26597.059756,72357.500000,28771.391272,3308.625000,4352.000000,1.000000,0.875000,0.125000,200000,200,618.434266231,51.8906470905,8.80468638855
0,4,full,18211.383930,64695.500000,14955.182572,3009.250000,3840.000000,1.000000,0.875000,0.000000,200000,231.181102167,659.959841945,68.7228672397,9.79279810577
0,5,full,9007.942041,56068.000000,25002.277016,2636.750000,3328.000000,0.750000,0.750000,0.000000,200000,258.547566624,581.127251398,55.8839957891,8.13998187674
0,6,fast,3720.477971,25390.666667,4256.351280,1294.000000,2048.000000,1.000000,0.000000,0.000000,200000,280.751789236,600.268094167,40,11.4187975211
0,7,fast,2309.715170,24134.666667,11994.491328,1260.333333,1536.000000,0.666667,0.000000,0.000000,200000,423.984785718,480.445818553,75.206006514,16.1429315654
0,8,fast,0.000000,21680.000000,4746.916473,1156.000000,1706.666667,0.666667,0.000000,0.000000,200000,270,700,47,11
0,9,fast,-1317.450819,20385.333333,5886.124097,1141.333333,1365.333333,0.333333,0.000000,0.000000,200000,446.788933233,1267.60277549,66.8301964576,12.8536785295
0,10,validation,-2457.658550,65764.000000,25589.462394,3019.600000,4096.000000,1.000000,0.800000,0.100000,200000,287.294624735,685.70520267,70.8171551013,10.6536176932
0,11,fast,-2845.353022,18812.000000,3614.567563,1055.666667,1365.333333,0.333333,0.000000,0.000000,200000,414.247159938,516.270088855,57.5133490919,7
0,12,fast,-6297.557324,15410.666667,6158.116018,871.000000,1194.666667,0.333333,0.000000,0.000000,200000,200,766.266400607,76.4040202553,8.07267837393
0,13,fast,-13424.189487,8225.333333,3223.057486,530.666667,682.666667,0.000000,0.000000,0.000000,200000,295.533545751,967.510740621,66.2477521477,24.4157245052
1,1,full,26728.160777,77702.000000,31599.311511,3537.125000,4480.000000,0.875000,0.750000,0.250000,200000,401.350214761,473.27815195,69.9491197063,16.0871903147
1,2,full,21956.883044,72476.500000,40138.198188,3206.875000,4736.000000,0.875000,0.625000,0.375000,200000,360.220852949,846.572369569,40,10.0200107429
1,3,full,21956.883044,72476.500000,40138.198188,3206.875000,4736.000000,0.875000,0.625000,0.375000,200000,360.220852949,846.572369569,40,10.0200107429
1,4,full,21956.883044,72476.500000,40138.198188,3206.875000,4736.000000,0.875000,0.625000,0.375000,200000,360.220852949,846.572369569,40,10.0200107429
1,5,full,19927.086236,71917.000000,44903.038594,3265.500000,4096.000000,1.000000,0.500000,0.250000,200000,225.907400839,606.863664118,48.814924081,8.02682822531
1,6,fast,15098.649021,39797.333333,15786.791554,1982.333333,2730.666667,1.000000,0.333333,0.000000,200000,287.294624735,685.70520267,70.8171551013,10.6536176932
1,7,fast,12627.793114,38018.666667,396.253566,1995.666667,2048.000000,1.000000,0.000000,0.000000,200000,200,650.904062943,60.7143166139,9.04944172585
1,8,fast,6272.283049,31725.333333,3505.090140,1665.333333,2048.000000,1.000000,0.000000,0.000000,200000,317.517386574,703.192185299,69.9337121577,10.8311836703
1,9,fast,4692.588816,30333.333333,12889.801791,1612.000000,1706.666667,0.666667,0.000000,0.000000,200000,265.833432108,581.127251398,55.8839957891,8.13998187674
1,10,fast,4052.794503,29621.333333,9279.517420,1580.333333,1706.666667,0.666667,0.000000,0.000000,200000,210.134027209,605.688872274,66.7660938121,8.63524869823
1,11,validation,1036.720918,71664.000000,13011.046999,3340.200000,3891.200000,1.000000,0.900000,0.000000,200000,401.350214761,473.27815195,69.9491197063,16.0871903147
1,12,fast,-2724.442180,22900.000000,12074.684923,1261.000000,1365.333333,0.333333,0.000000,0.000000,200000,241.336172811,592.190404755,62.1525570363,9.48138931643
1,13,fast,-4649.793543,20781.333333,2408.919721,1101.333333,1706.666667,0.666667,0.000000,0.000000,200000,346.430616067,773.368916488,49.0055093904,13.3315374403
2,1,full,20735.315991,90061.500000,42502.858630,4047.875000,4736.000000,0.875000,0.875000,0.250000,200000,287.477686823,857.444916955,51.1241444633,8.52481002783
2,2,validation,16275.109380,67155.200000,34217.738361,3034.100000,4198.400000,0.900000,0.700000,0.200000,200000,287.477686823,857.444916955,51.1241444633,8.52481002783
2,3,fast,8003.266296,30144.000000,13904.271957,1483.000000,2389.333333,0.666667,0.333333,0.000000,200000,200,552.95972832,71.3253374842,9.07132163274
2,4,fast,7336.381770,30405.333333,10315.164931,1615.000000,1706.666667,0.666667,0.000000,0.000000,200000,374.084234481,639.94291031,65.5458799669,10.5872551055
2,5,full,3956.589671,73384.500000,28839.174637,3310.250000,4608.000000,1.000000,0.750000,0.250000,200000,283.437134934,856.543495293,40,10.0384976102
2,6,full,-2580.464227,67801.500000,14041.869525,3117.625000,4096.000000,1.000000,1.000000,0.000000,200000,401.350214761,473.27815195,69.9491197063,16.0871903147
2,7,fast,-4164.802071,18884.000000,9307.690297,1004.000000,1536.000000,0.666667,0.000000,0.000000,200000,360.220852949,846.572369569,40,10.0200107429
2,8,fast,-4164.802071,18884.000000,9307.690297,1004.000000,1536.000000,0.666667,0.000000,0.000000,200000,360.220852949,846.572369569,40,10.0200107429
2,9,fast,-4164.802071,18884.000000,9307.690297,1004.000000,1536.000000,0.666667,0.000000,0.000000,200000,360.220852949,846.572369569,40,10.0200107429
2,10,fast,-5635.292872,17413.333333,9298.897043,983.000000,1194.666667,0.333333,0.000000,0.000000,200000,282.174470691,703.192185299,69.9337121577,10.8311836703
2,11,fast,-9116.157682,13961.333333,10742.137507,808.000000,1024.000000,0.333333,0.000000,0.000000,200000,234.880552888,898.526393806,40.4004707238,7
2,12,full,-10430.960702,60767.000000,17341.693314,2865.625000,3584.000000,1.000000,0.750000,0.000000,200000,412.985087809,438.720627319,40,15.2913873264
2,13,full,-15642.657529,55953.500000,31001.534668,2638.625000,3328.000000,1.000000,0.375000,0.125000,200000,383.342875784,473.27815195,69.9491197063,16.0871903147
3,1,full,31559.348338,76225.500000,24657.578789,3490.125000,4352.000000,1.000000,0.875000,0.125000,200000,347.793109255,820.774225981,43.0569738978,8.14653024627
3,2,full,21326.320337,66633.500000,37958.978855,3015.000000,3968.000000,0.875000,0.750000,0.125000,200000,287.477686823,857.444916955,51.1241444633,8.52481002783
3,3,full,15184.802247,61276.500000,39684.883341,2837.375000,3584.000000,1.000000,0.500000,0.125000,200000,200,552.95972832,71.3253374842,9.07132163274
3,4,full,10222.212549,56572.500000,21364.368227,2687.750000,3200.000000,0.875000,0.625000,0.000000,200000,432.547302936,565.23173565,75.3020068156,9.42735557558
3,5,full,8217.902323,54226.500000,23029.879543,2558.500000,3392.000000,0.875000,0.750000,0.000000,200000,283.869570515,756.281899274,72.8339822507,8.52436556299
3,6,fast,-7026.234312,26126.666667,16493.892311,1270.000000,2218.666667,0.666667,0.333333,0.000000,200000,297.27985693,610.007851568,76.9637854399,7.97282736867
3,7,fast,-9413.166478,24617.333333,10373.833921,1309.666667,1706.666667,0.666667,0.000000,0.000000,200000,365.936368472,845.473351474,48.8108495871,9.56436314004
3,8,fast,-11855.086612,22140.000000,8603.173988,1185.666667,1706.666667,0.666667,0.000000,0.000000,200000,200,635.318740104,54.1609735122,9.19723575146
3,9,fast,-14448.505193,19634.666667,13007.436369,1092.333333,1194.666667,0.333333,0.000000,0.000000,200000,360.220852949,846.572369569,40,10.0200107429
3,10,fast,-14448.505193,19634.666667,13007.436369,1092.333333,1194.666667,0.333333,0.000000,0.000000,200000,360.220852949,846.572369569,40,10.0200107429
3,11,fast,-15605.868160,18394.666667,8875.584688,1054.000000,1194.666667,0.333333,0.000000,0.000000,200000,276.513276966,534.491800603,70.4744324967,7
3,12,fast,-17191.852043,16798.666667,8374.778856,950.333333,1194.666667,0.333333,0.000000,0.000000,200000,291.645684513,654.279724462,64.4256332557,8.93305430565
3,13,validation,-35624.818744,68625.200000,35596.849885,3135.200000,4096.000000,1.000000,0.800000,0.100000,200000,347.793109255,820.774225981,43.0569738978,8.14653024627
4,1,validation,19454.516239,83547.200000,43867.497355,3684.000000,4915.200000,1.000000,0.800000,0.300000,200000,358.74614556,859.289003976,50.3206350551,8.27190915291
4,2,full,7015.352862,80994.500000,22449.330229,3641.375000,4864.000000,1.000000,0.875000,0.250000,200000,358.74614556,859.289003976,50.3206350551,8.27190915291
4,3,full,5638.044923,80085.000000,14589.727174,3640.250000,4608.000000,1.000000,1.000000,0.125000,200000,347.793109255,820.774225981,43.0569738978,8.14653024627
4,4,full,-5753.670367,70064.000000,14375.491644,3270.500000,3840.000000,1.000000,0.875000,0.000000,200000,234.144565625,922.499588417,72.1852428472,8.71497328133
4,5,full,-6816.703995,68061.000000,17377.173044,3099.750000,4352.000000,1.000000,0.875000,0.125000,200000,200,665.430357364,76.0404433773,8.68984290588
4,6,fast,-9317.517406,33406.666667,29949.672512,1672.000000,1877.333333,0.333333,0.333333,0.000000,200000,302.542925352,483.562264162,55.9034240073,9.183842915
4,7,full,-10579.333280,65211.500000,25533.637300,3053.500000,3840.000000,1.000000,0.625000,0.125000,200000,256.484338848,529.591390994,66.6631731897,8.67045131378
4,8,fast,-12029.190098,31178.666667,4133.307097,1640.666667,2048.000000,1.000000,0.000000,0.000000,200000,347.793109255,815.796760461,43.0569738978,8.14653024627
4,9,fast,-13018.866765,29538.666667,21617.140442,1493.000000,2048.000000,0.333333,0.333333,0.000000,200000,374.536486336,820.774225981,43.0569738978,8.14653024627
4,10,fast,-13085.085016,29341.333333,15061.386331,1480.666667,2048.000000,0.333333,0.333333,0.000000,200000,200,604.762625686,74.868816186,9.10238488142
4,11,fast,-16823.038104,26506.666667,10225.707387,1415.000000,1706.666667,0.666667,0.000000,0.000000,200000,285.806753634,759.968820843,48.269088818,8.52491183152
4,12,fast,-21374.400448,21985.333333,11727.157920,1208.000000,1365.333333,0.333333,0.000000,0.000000,200000,383.138039474,820.774225981,43.0569738978,7.35990292888
4,13,fast,-23692.891103,19581.333333,7451.690696,1100.666667,1365.333333,0.333333,0.000000,0.000000,200000,287.477686823,857.444916955,51.1241444633,8.52481002783
5,1,full,22670.713904,71573.000000,43812.283563,3253.500000,4160.000000,0.875000,0.625000,0.250000,200000,347.793109255,820.774225981,43.0569738978,8.14653024627
5,2,full,8651.405815,58736.000000,34177.687985,2720.750000,3456.000000,0.875000,0.500000,0.125000,200000,292.886397912,893.824507214,51.7341723094,9.22001511379
5,3,validation,6756.126357,64051.600000,36036.626943,2925.000000,3916.800000,0.900000,0.600000,0.200000,200000,347.793109255,820.774225981,43.0569738978,8.14653024627
5,4,full,4101.225428,54501.500000,18711.707345,2595.125000,3200.000000,0.875000,0.625000,0.000000,200000,351.774874789,628.608065935,42.6817218234,8.40950526737
5,5,full,-1131.042120,49714.500000,22225.084741,2384.375000,2944.000000,0.875000,0.500000,0.000000,200000,373.552148044,833.654460481,51.5861613944,8.19993246718
5,6,fast,-3034.610644,32904.000000,18242.824635,1619.666667,2389.333333,0.666667,0.333333,0.000000,200000,358.74614556,859.289003976,50.3206350551,8.27190915291
5,7,fast,-3034.610644,32904.000000,18242.824635,1619.666667,2389.333333,0.666667,0.333333,0.000000,200000,358.74614556,859.289003976,50.3206350551,8.27190915291
5,8,full,-3903.671628,46383.000000,25531.560136,2192.625000,3136.000000,0.875000,0.375000,0.125000,200000,269.449802692,863.82680183,44.5581031522,8.68750427273
5,9,fast,-4430.789190,31608.000000,23251.751934,1569.666667,2218.666667,0.666667,0.333333,0.000000,200000,369.746745607,808.967902403,49.0490874743,8.16596289336
5,10,fast,-4851.574503,31766.666667,2224.350892,1647.666667,2048.000000,1.000000,0.000000,0.000000,200000,211.880001277,563.461265703,70.3007901009,8.75706343828
5,11,fast,-11118.563265,25665.333333,10507.122325,1376.000000,1706.666667,0.666667,0.000000,0.000000,200000,334.472303862,537.155252266,48.7778341501,9.17927679496
5,12,fast,-13080.130224,23685.333333,9585.470301,1317.666667,1365.333333,0.333333,0.000000,0.000000,200000,313.198904262,877.437080734,78.0403802161,8.64347754135
5,13,fast,-17163.845048,19566.666667,7837.878171,1065.000000,1365.333333,0.333333,0.000000,0.000000,200000,343.999520271,699.789468491,55.2059472766,9.89058289159
6,1,full,24703.438417,87390.500000,33582.748722,3835.000000,5376.000000,1.000000,0.875000,0.375000,200000,362.431564088,780.039157848,50.383196383,8.40037906778
6,2,full,15727.913020,79443.000000,34984.018566,3563.125000,4864.000000,1.000000,0.875000,0.250000,200000,343.311043432,820.774225981,43.0569738978,8.14653024627
6,3,validation,185.792514,65966.400000,26092.482976,3072.100000,3891.200000,1.000000,0.700000,0.100000,200000,362.431564088,780.039157848,50.383196383,8.40037906778
6,4,full,-5951.938295,60357.500000,39701.584348,2839.500000,3328.000000,1.000000,0.375000,0.125000,200000,291.464587996,869.258608472,65.5537588214,8.96147966753
6,5,full,-13537.614452,52593.000000,18260.392192,2503.375000,3328.000000,1.000000,0.625000,0.000000,200000,308.744780997,861.149720903,45.8277939648,8.5162847585
6,6,fast,-14845.181238,31854.666667,11551.061981,1675.333333,1706.666667,0.666667,0.000000,0.000000,200000,358.624866631,586.509680956,40.5558811274,8.38065476748
6,7,fast,-15387.746909,30480.000000,19946.012200,1488.000000,2389.333333,0.666667,0.333333,0.000000,200000,393.790455603,896.717102508,51.5730484822,8.27531996079
6,8,fast,-15718.301884,30818.666667,3407.094298,1615.333333,2048.000000,1.000000,0.000000,0.000000,200000,344.72863369,822.781529464,48.4641992294,8.24148707052
6,9,full,-16319.507805,50605.500000,20480.059857,2462.125000,2816.000000,1.000000,0.375000,0.000000,200000,374.070893313,836.24390909,50.1758495203,8.29139745507
6,10,fast,-18789.964634,27868.000000,9456.898434,1500.333333,1706.666667,0.666667,0.000000,0.000000,200000,347.793109255,820.774225981,43.0569738978,8.14653024627
6,11,fast,-20726.065481,26030.666667,14395.274163,1380.333333,1536.000000,0.666667,0.000000,0.000000,200000,292.886397912,893.824507214,51.7341723094,9.22001511379
6,12,fast,-21246.614911,25450.666667,11422.745652,1365.666667,1706.666667,0.666667,0.000000,0.000000,200000,346.969253139,764.796318067,42.7813404808,8.27427597823
6,13,fast,-29328.509597,17274.666667,6717.479951,980.333333,1194.666667,0.333333,0.000000,0.000000,200000,331.552891927,812.354333352,46.5925513848,8.71786660877
7,1,full,36000.631426,86883.000000,29700.750344,3914.000000,4608.000000,1.000000,1.000000,0.125000,200000,381.144321067,886.131689632,52.7939485682,8.27273079495
7,2,validation,29032.395796,69180.800000,31745.095032,3140.100000,4300.800000,1.000000,0.700000,0.200000,200000,381.144321067,886.131689632,52.7939485682,8.27273079495
7,3,full,13461.011411,65468.000000,29681.751094,3005.375000,3840.000000,1.000000,0.625000,0.125000,200000,357.869605615,825.522646781,41.7318894958,8.25722766351
7,4,full,7058.945786,59381.500000,14210.032363,2794.250000,3584.000000,1.000000,0.750000,0.000000,200000,363.029189583,746.849019503,48.8701629686,8.3975726707
7,5,full,121.907217,52990.000000,22736.960835,2521.250000,3200.000000,0.875000,0.625000,0.000000,200000,343.377307439,821.86838381,45.7013180006,10.2942309177
7,6,fast,-5063.549152,35348.000000,19914.169696,1769.333333,2389.333333,0.666667,0.333333,0.000000,200000,334.313806097,889.216173441,54.6477767949,9.06628771228
7,7,fast,-6307.319796,34233.333333,26369.368559,1721.333333,2048.000000,0.333333,0.333333,0.000000,200000,345.940831912,659.057400508,44.2726382779,8.40471172486
7,8,fast,-6665.908971,33622.666667,13765.493994,1684.333333,2389.333333,0.666667,0.333333,0.000000,200000,363.427727074,829.429459686,44.5491909999,8.43805729539
7,9,full,-7554.986749,46348.500000,18256.659107,2316.375000,2560.000000,1.000000,0.250000,0.000000,200000,322.875204367,758.465061592,67.9793276185,8.80362217566
7,10,fast,-9200.466375,31920.000000,5360.030846,1685.333333,2048.000000,1.000000,0.000000,0.000000,200000,343.311043432,820.774225981,43.0569738978,8.14653024627
7,11,fast,-11470.150572,28924.000000,19044.240704,1422.000000,2133.333333,0.666667,0.333333,0.000000,200000,343.311043432,832.444020261,43.0569738978,8.14653024627
7,12,fast,-20893.426658,20270.666667,7541.378359,1102.666667,1365.333333,0.333333,0.000000,0.000000,200000,362.923063699,775.888940787,42.626704277,7.74178977692
7,13,fast,-23722.065663,17545.333333,12706.661910,966.666667,1109.333333,0.333333,0.000000,0.000000,200000,362.431564088,780.039157848,50.383196383,8.40037906778
8,1,full,33484.197157,86703.500000,41968.366537,3869.125000,4864.000000,1.000000,0.875000,0.250000,200000,354.554761538,800.537950377,41.1437746442,11.214963378
8,2,full,26799.759471,80818.500000,31940.250840,3667.250000,4352.000000,1.000000,0.875000,0.125000,200000,385.453182507,856.256962496,47.9703199986,8.28327553703
8,3,full,24054.449843,77707.500000,44905.732259,3458.250000,4608.000000,1.000000,0.750000,0.250000,200000,372.598925993,705.612544975,52.557674188,8.2560481919
8,4,validation,18464.955856,72594.400000,28824.722067,3332.700000,4096.000000,1.000000,0.800000,0.100000,200000,354.554761538,800.537950377,41.1437746442,11.214963378
8,5,full,13982.181185,68757.500000,32269.165154,3173.875000,3840.000000,1.000000,0.625000,0.125000,200000,388.434312257,893.253350579,41.8353040815,8.26284193752
8,6,full,6476.416251,61573.500000,17107.411837,2903.375000,3584.000000,1.000000,0.750000,0.000000,200000,379.555752209,887.312838202,41.5905379224,8.36479417583
8,7,fast,-11390.767144,34605.333333,1743.101705,1771.666667,2048.000000,1.000000,0.000000,0.000000,200000,343.377307439,821.86838381,45.7013180006,10.2942309177
8,8,fast,-13515.562311,31816.000000,18516.193417,1567.666667,2389.333333,0.666667,0.333333,0.000000,200000,357.869605615,825.522646781,41.7318894958,8.25722766351
8,9,fast,-13712.686233,32324.000000,3772.389517,1659.000000,2048.000000,1.000000,0.000000,0.000000,200000,386.396927135,835.200808047,49.3886384892,7.51698068307
8,10,fast,-17254.338548,28941.333333,11721.671932,1539.000000,1706.666667,0.666667,0.000000,0.000000,200000,322.798088331,834.914490399,43.8939746259,8.35810604918
8,11,fast,-27472.129972,18602.666667,5677.909788,1016.333333,1365.333333,0.333333,0.000000,0.000000,200000,368.89581545,940.811428998,53.9703406702,7
8,12,fast,-32674.565181,13465.333333,8933.003576,769.000000,1024.000000,0.333333,0.000000,0.000000,200000,381.144321067,886.131689632,52.7939485682,8.27273079495
8,13,fast,-32674.565181,13465.333333,8933.003576,769.000000,1024.000000,0.333333,0.000000,0.000000,200000,381.144321067,886.131689632,52.7939485682,8.27273079495
9,1,validation,20360.123923,68876.400000,25456.588708,3186.500000,3993.600000,0.900000,0.800000,0.100000,200000,365.573781067,865.602234132,41.5276808019,12.9435203547
9,2,full,19911.181805,85454.500000,34252.523173,3809.875000,5120.000000,1.000000,1.000000,0.250000,200000,365.573781067,865.602234132,41.5276808019,12.9435203547
9,3,full,17583.729127,83832.000000,19500.157025,3818.250000,4608.000000,1.000000,1.000000,0.125000,200000,354.554761538,800.537950377,41.1437746442,11.214963378
9,4,full,13168.034924,79899.000000,24884.867189,3661.000000,4352.000000,1.000000,0.875000,0.125000,200000,356.345588701,824.390224375,40.1570352281,8.25506281913
9,5,full,7442.016333,73745.500000,34760.796765,3312.875000,4608.000000,1.000000,0.750000,0.250000,200000,371.969942885,857.160780853,52.8218007907,8.78449213472
9,6,fast,-3291.811866,33128.000000,21463.542547,1629.333333,2218.666667,0.666667,0.333333,0.000000,200000,387.4889608,867.40647363,44.3256346236,8.2570546798
9,7,full,-5501.367418,62106.000000,31204.984281,2875.500000,3840.000000,1.000000,0.625000,0.125000,200000,353.908135456,835.728665986,41.0480978859,9.22006432142
9,8,fast,-9895.001147,27232.000000,6823.006571,1447.666667,1706.666667,0.666667,0.000000,0.000000,200000,380.470459461,878.015594994,47.2143466985,8.37757258312
9,9,fast,-10623.883969,26641.333333,13733.814361,1421.666667,1536.000000,0.666667,0.000000,0.000000,200000,373.75220544,739.964697579,50.2716412821,8.27024063036
9,10,fast,-12193.118032,24806.666667,462.184186,1273.333333,2048.000000,1.000000,0.000000,0.000000,200000,385.453182507,856.256962496,47.9703199986,8.28327553703
9,11,fast,-13710.342305,23538.666667,12923.397833,1231.000000,1536.000000,0.666667,0.000000,0.000000,200000,388.662268709,788.920453088,47.6553008646,8.26426601325
9,12,fast,-16155.378725,21156.000000,16041.885508,1163.000000,1194.666667,0.333333,0.000000,0.000000,200000,375.077547295,822.212123017,41.5492445555,8.32744206592
9,13,fast,-18771.827136,18281.333333,3130.972728,1018.333333,1365.333333,0.333333,0.000000,0.000000,200000,377.171790502,825.961755784,44.0825958658,9.94144092392
10,1,validation,31617.930243,79371.600000,44611.286194,3450.100000,5222.400000,0.900000,0.800000,0.400000,200000,459.779989788,800.537950377,41.1437746442,11.214963378
10,2,fast,11152.493684,36376.000000,22282.046824,1755.000000,2389.333333,0.666667,0.333333,0.000000,200000,459.779989788,800.537950377,41.1437746442,11.214963378
10,3,fast,9980.561442,34141.333333,19145.325580,1590.333333,2901.333333,0.666667,0.666667,0.000000,200000,372.58410815,868.186075996,45.5468357286,8.75952970916
10,4,fast,7699.330698,33589.333333,5606.862779,1757.666667,2048.000000,1.000000,0.000000,0.000000,200000,390.447795191,804.940307824,43.8002482519,10.3614741017
10,5,fast,6615.334724,31678.666667,14273.328164,1584.666667,2389.333333,0.666667,0.333333,0.000000,200000,365.573781067,865.602234132,41.5276808019,12.9435203547
10,6,full,4645.220995,71883.000000,35245.354517,3306.750000,4096.000000,1.000000,0.750000,0.125000,200000,354.06906304,795.472319818,41.0201824148,9.34502568884
10,7,fast,4283.801732,30066.666667,249.977777,1539.000000,2048.000000,1.000000,0.000000,0.000000,200000,285.462371141,690.430300603,40,12.6106006305
10,8,fast,1806.201123,27792.000000,10396.674853,1494.666667,1706.666667,0.666667,0.000000,0.000000,200000,354.158581924,881.019502796,40.0372583535,8.00282183734
10,9,full,-1769.684966,65432.500000,33465.652567,3006.625000,3968.000000,0.875000,0.750000,0.125000,200000,355.111863788,824.194893585,40.5490684287,9.17260673471
10,10,full,-4380.964377,63222.000000,34754.623117,2922.000000,3712.000000,0.875000,0.625000,0.125000,200000,362.952960956,800.537950377,41.1437746442,11.214963378
10,11,full,-10030.254512,57996.500000,37194.129883,2705.375000,3456.000000,0.875000,0.500000,0.125000,200000,354.554761538,800.537950377,41.1437746442,11.214963378
10,12,full,-10030.254512,57996.500000,37194.129883,2705.375000,3456.000000,0.875000,0.500000,0.125000,200000,354.554761538,800.537950377,41.1437746442,11.214963378
10,13,fast,-12867.113894,13062.666667,7595.759051,738.333333,1109.333333,0.333333,0.000000,0.000000,200000,357.597366025,816.117188193,48.7653198682,10.6158514512
11,1,full,6920.060468,78879.000000,33488.287848,3458.875000,5120.000000,1.000000,1.000000,0.250000,200000,378.557743058,865.07098356,42.5264304597,8.87149869364
11,2,fast,2845.236372,36041.333333,2136.919486,1831.666667,2048.000000,1.000000,0.000000,0.000000,200000,459.779989788,800.537950377,41.1437746442,11.214963378
11,3,fast,1795.247875,34249.333333,15036.344355,1693.333333,2389.333333,0.666667,0.333333,0.000000,200000,357.508502193,752.870264106,40.741841573,10.490026647
11,4,fast,1092.864242,34338.666667,4622.192649,1770.666667,2048.000000,1.000000,0.000000,0.000000,200000,363.157223949,864.649994988,42.0810332724,8.69257850341
11,5,validation,-4475.088804,59513.200000,29925.898726,2765.500000,3686.400000,1.000000,0.600000,0.100000,200000,378.557743058,865.07098356,42.5264304597,8.87149869364
11,6,fast,-9223.220385,24112.000000,9093.090710,1332.333333,1365.333333,0.333333,0.000000,0.000000,200000,372.58410815,868.186075996,45.5468357286,8.75952970916
11,7,full,-10709.645252,63320.500000,30798.573827,2937.500000,3712.000000,0.875000,0.625000,0.125000,200000,471.164228652,838.531726178,40,12.8405288519
11,8,fast,-11108.938588,22217.333333,8645.667483,1225.333333,1365.333333,0.333333,0.000000,0.000000,200000,233.310554764,669.554386367,40.1012921807,12.7482808092
11,9,fast,-11465.965819,21877.333333,9497.029056,1133.000000,1706.666667,0.666667,0.000000,0.000000,200000,282.796181326,752.593070272,40.2759127655,10.7173605943
11,10,full,-12410.875678,61970.000000,17085.095142,2935.125000,3584.000000,1.000000,0.750000,0.000000,200000,435.487907017,801.178631893,43.9104221004,10.4052116909
11,11,fast,-14468.401072,18974.666667,14485.458394,1042.000000,1194.666667,0.333333,0.000000,0.000000,200000,429.859305594,805.21370666,42.8234920421,10.3131985437
11,12,full,-15341.930526,59535.500000,23162.837515,2816.125000,3328.000000,1.000000,0.625000,0.000000,200000,214.524946807,832.345700889,40.5342628693,11.5095817348
11,13,full,-25866.444195,49310.000000,31863.520960,2351.000000,3072.000000,1.000000,0.250000,0.125000,200000,400.860066951,821.025065697,41.2397948449,10.1242057699
12,1,full,18991.144116,87998.000000,40129.593768,3840.500000,5376.000000,1.000000,0.875000,0.375000,200000,341.693124822,1013.83821341,43.3008022404,8.79154799841
12,2,fast,17474.936964,34781.333333,2088.978911,1801.333333,2048.000000,1.000000,0.000000,0.000000,200000,357.306732348,774.567321866,42.2234266721,10.8464607404
12,3,full,15320.472953,83603.000000,35163.151949,3619.625000,5632.000000,1.000000,0.750000,0.500000,200000,361.316020768,852.630518567,41.0866372595,8.92746885083
12,4,fast,13727.962393,31044.000000,2571.040775,1622.666667,2048.000000,1.000000,0.000000,0.000000,200000,358.598101633,752.870264106,40.741841573,10.490026647
12,5,fast,9729.976076,27156.000000,8070.356622,1469.000000,1706.666667,0.666667,0.000000,0.000000,200000,378.557743058,865.07098356,42.5264304597,8.87149869364
12,6,fast,9301.574972,26592.000000,1290.411821,1378.000000,2048.000000,1.000000,0.000000,0.000000,200000,486.906866756,955.026437886,46.3082492532,9.48610559925
12,7,validation,8040.040047,72695.200000,27803.660985,3265.700000,4505.600000,1.000000,0.800000,0.200000,200000,341.693124822,1013.83821341,43.3008022404,8.79154799841
12,8,fast,7723.245537,25294.666667,15340.216890,1359.666667,1450.666667,0.666667,0.000000,0.000000,200000,209.833159549,754.656103328,40.5607493164,14.3302344049
12,9,fast,7162.841117,24650.666667,11160.437905,1383.666667,1365.333333,0.333333,0.000000,0.000000,200000,390.798368458,822.914566686,41.7703307071,11.6809898512
12,10,full,3615.992079,74796.500000,30062.195624,3440.750000,4096.000000,1.000000,0.750000,0.125000,200000,459.779989788,800.537950377,41.1437746442,11.214963378
12,11,fast,19.200904,17554.666667,13542.448556,974.000000,1194.666667,0.333333,0.000000,0.000000,200000,445.265295896,872.181494456,44.7001577197,8.57298908903
12,12,full,-229.523091,71560.500000,41787.954123,3290.375000,3840.000000,1.000000,0.625000,0.125000,200000,370.311660954,865.05030311,41.4662562912,9.557379478
12,13,full,-9926.649974,62160.000000,25369.298295,2928.375000,3392.000000,0.875000,0.750000,0.000000,200000,465.84953874,803.183067001,41.1354215423,11.7252627286
13,1,full,31927.646310,91454.000000,39459.911404,4023.625000,5376.000000,1.000000,0.875000,0.375000,200000,325.449420766,984.23656611,40,9.30293584528
13,2,validation,7908.665898,67024.400000,34966.508614,3131.200000,3686.400000,1.000000,0.600000,0.100000,200000,325.449420766,984.23656611,40,9.30293584528
13,3,fast,6095.267953,35220.000000,14426.779913,1765.333333,2389.333333,0.666667,0.333333,0.000000,200000,265.980612911,783.855769009,48.1109526716,15.4168305215
13,4,full,2915.942947,64959.500000,46570.079555,2938.375000,3904.000000,0.875000,0.750000,0.125000,200000,341.693124822,1013.83821341,43.3008022404,8.79154799841
13,5,fast,2129.031678,31306.666667,17071.927002,1558.333333,2218.666667,0.666667,0.333333,0.000000,200000,367.793641626,772.330397312,42.5156393874,10.7504877931
13,6,fast,-427.916672,29500.000000,4586.011193,1513.000000,2048.000000,1.000000,0.000000,0.000000,200000,369.036877587,810.704262988,42.51279761,9.72577942914
13,7,fast,-644.154966,29420.000000,11397.925893,1580.666667,1706.666667,0.666667,0.000000,0.000000,200000,356.434538646,921.061797135,43.8838664617,9.75248342893
13,8,fast,-4960.559406,25045.333333,8484.814566,1327.666667,1706.666667,0.666667,0.000000,0.000000,200000,463.473322861,942.200257399,43.3017390019,10.2352660031
13,9,fast,-5026.195067,25132.000000,16099.930932,1339.000000,1450.666667,0.666667,0.000000,0.000000,200000,361.595092146,592.675191067,42.1523530906,8.32585559446
13,10,full,-6850.492501,56112.000000,23766.851958,2659.250000,3200.000000,0.875000,0.625000,0.000000,200000,426.044762262,814.182085885,40,11.2778906591
13,11,fast,-7511.467627,22505.333333,9030.225591,1240.333333,1365.333333,0.333333,0.000000,0.000000,200000,375.720389175,1007.14307624,42.5264304597,8.87149869364
13,12,full,-21377.572126,42367.500000,25395.833236,2047.125000,2624.000000,0.875000,0.375000,0.000000,200000,337.011202234,807.014103132,40.6414230307,11.0237458829
13,13,full,-21847.213161,41800.500000,20527.884980,2060.750000,2560.000000,0.750000,0.375000,0.000000,200000,357.306732348,774.567321866,42.2234266721,10.8464607404
14,1,full,22289.621877,76913.000000,41209.662787,3479.000000,4352.000000,1.000000,0.625000,0.250000,200000,265.980612911,783.855769009,48.1109526716,15.4168305215
14,2,full,22193.976723,76242.500000,31216.920472,3423.000000,4608.000000,1.000000,0.750000,0.250000,200000,362.594736578,746.955814427,43.0656813055,8.32384749074
14,3,full,15873.294890,71142.500000,11001.012124,3324.000000,3840.000000,1.000000,0.875000,0.000000,200000,315.4737513,830.374444238,43.0388315546,8.65260606304
14,4,full,2843.572163,58657.500000,31987.148478,2759.250000,3456.000000,0.875000,0.500000,0.125000,200000,301.919413435,936.708561073,44.3715999716,12.9985715519
14,5,validation,286.350610,65885.600000,22019.530182,3069.400000,3891.200000,1.000000,0.700000,0.100000,200000,265.980612911,783.855769009,48.1109526716,15.4168305215
14,6,fast,-11763.536894,30356.000000,9279.641372,1598.333333,1706.666667,0.666667,0.000000,0.000000,200000,414.205826988,995.119709093,43.8168678041,9.12308791582
14,7,fast,-12059.599662,29238.666667,18216.113111,1472.333333,2048.000000,0.333333,0.333333,0.000000,200000,358.152315842,984.23656611,40,7
14,8,fast,-13602.203506,28562.666667,11546.305306,1520.666667,1706.666667,0.666667,0.000000,0.000000,200000,302.620436892,785.830949223,41.0842300701,13.8234228986
14,9,fast,-14427.944404,27633.333333,6366.683560,1405.666667,2048.000000,1.000000,0.000000,0.000000,200000,323.879989264,985.175013088,44.0562725114,11.9431401431
14,10,full,-16770.525367,40529.000000,18767.024991,2021.875000,2432.000000,0.875000,0.250000,0.000000,200000,325.449420766,984.23656611,40,9.30293584528
14,11,fast,-16999.469853,25140.000000,10276.289343,1343.333333,1706.666667,0.666667,0.000000,0.000000,200000,339.962204192,968.670249647,44.603017556,8.92046318695
14,12,fast,-23306.084069,18686.666667,2940.333466,1045.666667,1365.333333,0.333333,0.000000,0.000000,200000,357.355385795,808.080402859,40,9.9673402679
14,13,fast,-24095.141518,18018.666667,8993.205929,1016.333333,1194.666667,0.333333,0.000000,0.000000,200000,354.14033118,1125.56158428,42.8513081076,8.83086359975
15,1,full,10690.164415,68845.500000,35469.880008,3120.250000,4224.000000,0.875000,0.625000,0.250000,200000,338.011982208,880.088538424,43.067227737,8.61590757856
15,2,full,10239.459629,68754.500000,22205.119314,3145.125000,4096.000000,1.000000,0.750000,0.125000,200000,357.445603368,917.354089239,43.4873195416,7.62039575491
15,3,validation,9476.442855,75156.800000,31166.617978,3430.500000,4096.000000,1.000000,0.800000,0.100000,200000,338.011982208,880.088538424,43.067227737,8.61590757856
15,4,full,1719.695683,61521.000000,17768.316606,2928.750000,3328.000000,1.000000,0.625000,0.000000,200000,301.776491228,984.860967757,40,13.3736175201
15,5,fast,-787.396085,30720.000000,21148.663126,1561.333333,2048.000000,0.333333,0.333333,0.000000,200000,362.594736578,746.955814427,43.0656813055,8.32384749074
15,6,fast,-885.695568,31284.000000,4263.637258,1614.333333,2048.000000,1.000000,0.000000,0.000000,200000,325.04451771,995.144281115,43.5177857868,11.6475245841
15,7,fast,-968.385384,31264.000000,7398.128052,1654.333333,1706.666667,0.666667,0.000000,0.000000,200000,315.4737513,830.374444238,43.0388315546,8.65260606304
15,8,fast,-3088.555449,28452.000000,22806.631316,1458.666667,1877.333333,0.333333,0.333333,0.000000,200000,358.489413997,691.431936113,40,8.57932077058
15,9,fast,-3315.043684,28078.666667,15464.376382,1401.666667,2218.666667,0.666667,0.333333,0.000000,200000,430.69646435,975.762756098,43.1353834316,9.24483567372
15,10,fast,-4020.887545,28260.000000,9823.236127,1523.000000,1706.666667,0.666667,0.000000,0.000000,200000,299.103150948,886.38275973,59.4010051106,8.36268747697
15,11,full,-5870.168903,53910.000000,16711.545949,2563.625000,3328.000000,1.000000,0.625000,0.000000,200000,290.355487282,898.915269471,50.3963117636,9.524352369
15,12,full,-16461.202094,44174.500000,21988.205469,2150.375000,2688.000000,0.875000,0.375000,0.000000,200000,265.980612911,783.855769009,48.1109526716,15.4168305215
15,13,fast,-18050.993833,14098.666667,3261.883846,851.333333,853.333333,0.000000,0.000000,0.000000,200000,284.249318536,780.727783693,45.8877485023,12.0706588404
16,1,full,24328.004952,86212.000000,28034.049868,3877.875000,4864.000000,1.000000,0.875000,0.250000,200000,354.519908834,914.36850245,41.7250634802,14.4870506378
16,2,full,20137.162557,81635.000000,39976.169639,3589.375000,5120.000000,1.000000,0.750000,0.375000,200000,359.349033596,832.145958878,54.0892372821,9.40736902868
16,3,validation,11242.486520,63736.400000,31195.406762,2960.700000,3788.800000,0.900000,0.700000,0.100000,200000,354.519908834,914.36850245,41.7250634802,14.4870506378
16,4,full,8231.704409,70092.500000,39374.077027,3080.500000,4736.000000,0.875000,0.625000,0.375000,200000,338.011982208,880.088538424,43.067227737,8.61590757856
16,5,full,3981.731654,67109.500000,21472.714774,3088.875000,4096.000000,1.000000,0.750000,0.125000,200000,347.27133356,614.350523013,40.8885887131,11.4332893129
16,6,fast,-3958.722663,34448.000000,2998.347990,1796.333333,2048.000000,1.000000,0.000000,0.000000,200000,357.445603368,917.354089239,43.4873195416,7.62039575491
16,7,fast,-3958.722663,34448.000000,2998.347990,1796.333333,2048.000000,1.000000,0.000000,0.000000,200000,357.445603368,917.354089239,43.4873195416,7.62039575491
16,8,fast,-6727.368375,30926.666667,15363.966965,1500.000000,2389.333333,0.666667,0.333333,0.000000,200000,312.021716315,932.51441339,43.0765553904,7
16,9,full,-8700.156885,55724.000000,17542.141716,2664.250000,3328.000000,1.000000,0.625000,0.000000,200000,334.14349379,928.436694259,43.0658306467,8.48057376372
16,10,fast,-9233.642935,29274.666667,8077.694941,1505.333333,2048.000000,1.000000,0.000000,0.000000,200000,325.605536772,949.427712362,41.5984617576,9.53909914503
16,11,fast,-12868.874485,24792.000000,15705.939089,1229.333333,2048.000000,0.333333,0.333333,0.000000,200000,360.451204759,964.38851156,42.1743882122,8.26910168979
16,12,fast,-13587.677994,24944.000000,9246.114571,1319.666667,1706.666667,0.666667,0.000000,0.000000,200000,341.495456762,845.251774467,43.0661877503,8.58110065366
16,13,fast,-20651.509806,17786.666667,4571.038491,987.333333,1365.333333,0.333333,0.000000,0.000000,200000,339.252514887,776.408086812,40.1182091581,14.4181742802
17,1,full,23738.821821,85273.000000,27005.545412,3791.625000,5120.000000,1.000000,1.000000,0.250000,200000,340.225469332,892.374260273,42.2039645451,9.27792620721
17,2,validation,19360.485220,72987.200000,26008.278547,3297.100000,4505.600000,1.000000,0.800000,0.200000,200000,340.225469332,892.374260273,42.2039645451,9.27792620721
17,3,full,19120.653605,81193.000000,35163.956191,3612.375000,4864.000000,1.000000,0.875000,0.250000,200000,354.519908834,947.283925284,41.7250634802,14.4870506378
17,4,full,7018.120843,69648.000000,44290.594306,3102.625000,4288.000000,0.750000,0.750000,0.250000,200000,359.349033596,832.145958878,54.0892372821,9.40736902868
17,5,full,5100.885455,68792.000000,16102.363677,3210.000000,3840.000000,1.000000,0.875000,0.000000,200000,352.316286421,984.250877528,40,7
17,6,full,-10273.649620,54220.000000,18729.117438,2599.750000,3328.000000,1.000000,0.625000,0.000000,200000,358.889965776,866.98657321,41.9406274615,10.9270964532
17,7,fast,-13538.584410,35790.666667,13564.882241,1777.000000,2389.333333,0.666667,0.333333,0.000000,200000,354.519908834,914.36850245,41.7250634802,14.4870506378
17,8,fast,-13538.584410,35790.666667,13564.882241,1777.000000,2389.333333,0.666667,0.333333,0.000000,200000,354.519908834,914.36850245,41.7250634802,14.4870506378
17,9,fast,-14098.787948,35977.333333,908.392475,1873.000000,2048.000000,1.000000,0.000000,0.000000,200000,358.357276163,866.862853361,46.2513600898,11.0271923016
17,10,fast,-15093.019801,34217.333333,12619.985138,1722.000000,2389.333333,0.666667,0.333333,0.000000,200000,322.854531284,918.036613421,42.6795090291,13.8981501866
17,11,fast,-17287.407068,32033.333333,13139.348470,1563.000000,2389.333333,0.666667,0.333333,0.000000,200000,343.261673731,896.131857776,53.5767217819,13.6258485091
17,12,fast,-23358.526678,26209.333333,25495.329001,1349.333333,1706.666667,0.333333,0.333333,0.000000,200000,349.48563495,921.444485201,41.937268152,9.852468228
17,13,fast,-37196.983935,13074.666667,10684.858487,757.000000,1024.000000,0.333333,0.000000,0.000000,200000,367.993988904,650.454418342,40,13.1788596684
18,1,full,33368.326349,100932.500000,31286.311859,4396.250000,5632.000000,1.000000,1.000000,0.375000,200000,340.225469332,892.374260273,42.2039645451,9.27792620721
18,2,full,13231.432060,82104.500000,27981.026317,3687.250000,4864.000000,1.000000,0.875000,0.250000,200000,352.701931272,940.362179857,43.1407007971,10.9755772238
18,3,full,8284.940125,77308.000000,35480.623050,3424.625000,4864.000000,1.000000,0.875000,0.250000,200000,400.858561828,795.083325128,42.2534789405,10.7801322227
18,4,fast,681.529044,32077.333333,3794.341518,1673.333333,2048.000000,1.000000,0.000000,0.000000,200000,343.775750481,956.258079524,41.732866539,10.1752726902
18,5,fast,-847.351143,30586.666667,5705.017519,1600.333333,2048.000000,1.000000,0.000000,0.000000,200000,354.519908834,947.283925284,41.7250634802,14.4870506378
18,6,full,-2177.761151,68071.500000,28040.686827,3141.000000,3968.000000,0.875000,0.750000,0.125000,200000,292.05613183,996.999665342,42.2923574925,8.13947048512
18,7,fast,-4816.049940,26772.000000,13406.624034,1433.333333,1536.000000,0.666667,0.000000,0.000000,200000,358.710575385,875.370410991,42.7826623011,12.9755631331
18,8,fast,-7888.511788,23674.666667,12163.049764,1269.666667,1536.000000,0.666667,0.000000,0.000000,200000,337.694369781,881.639999569,46.9776422112,8.68040887048
18,9,validation,-8734.110031,64739.600000,22733.029605,2959.100000,4096.000000,1.000000,0.800000,0.100000,200000,340.225469332,892.374260273,42.2039645451,9.27792620721
18,10,fast,-9293.926775,22302.666667,13833.799125,1159.666667,1450.666667,0.666667,0.000000,0.000000,200000,347.977894984,806.189514942,42.9504954294,9.30772923071
18,11,fast,-13024.369823,18540.000000,12222.618159,1034.000000,1109.333333,0.333333,0.000000,0.000000,200000,344.650257139,932.567231837,42.1648959849,14.1443118787
18,12,fast,-17638.703671,13836.000000,7739.310564,780.666667,1109.333333,0.333333,0.000000,0.000000,200000,340.030769424,933.376863442,42.3381286077,15.3680517805
18,13,full,-17944.539428,54146.000000,45104.600697,2554.125000,2944.000000,0.875000,0.250000,0.125000,200000,356.122296213,928.430384724,55.7047817631,14.1195828891
19,1,full,23599.674375,84236.000000,43736.042436,3779.250000,4736.000000,0.875000,0.875000,0.250000,200000,352.701931272,940.362179857,43.1407007971,10.9755772238
19,2,full,15792.106517,76730.000000,40064.435351,3474.000000,4480.000000,0.875000,0.750000,0.250000,200000,343.438237208,964.267201818,41.9336536118,9.79370720766
19,3,full,11225.991314,72754.000000,7070.195471,3393.750000,4096.000000,1.000000,1.000000,0.000000,200000,326.16700389,895.054334366,42.9673594157,10.8317678564
19,4,fast,10009.267903,34746.666667,559.631625,1792.333333,2048.000000,1.000000,0.000000,0.000000,200000,365.820166136,1164.04083078,40,10.7068149453
19,5,fast,8218.747231,32138.666667,9685.665193,1544.666667,2730.666667,1.000000,0.333333,0.000000,200000,342.254252825,907.807158746,40.4636395999,7.60182826358
19,6,fast,8109.568010,32205.333333,18477.959580,1592.666667,2389.333333,0.666667,0.333333,0.000000,200000,353.293059557,797.944035195,42.0458491074,12.1787192958
19,7,fast,7592.485006,32393.333333,3732.109800,1684.333333,2048.000000,1.000000,0.000000,0.000000,200000,340.225469332,892.374260273,40.5229189529,9.27792620721
19,8,full,6327.218577,67967.000000,25158.832306,3111.375000,4096.000000,1.000000,0.750000,0.125000,200000,400.858561828,713.88393351,42.2534789405,10.7801322227
19,9,full,4849.929436,66239.000000,31373.289388,3024.750000,4160.000000,0.875000,0.875000,0.125000,200000,340.225469332,892.374260273,42.2039645451,9.27792620721
19,10,validation,4571.127431,74781.200000,31768.532458,3390.100000,4300.800000,1.000000,0.900000,0.100000,200000,352.701931272,940.362179857,43.1407007971,10.9755772238
19,11,fast,1761.045685,26544.000000,2837.409147,1340.000000,2048.000000,1.000000,0.000000,0.000000,200000,342.622322837,944.498681097,41.9225654643,12.7736161129
19,12,fast,1109.927842,26100.000000,13193.301331,1394.000000,1536.000000,0.666667,0.000000,0.000000,200000,393.224057027,864.999625988,40,10.5696304447
19,13,fast,-16112.299208,8664.000000,2504.653802,553.000000,682.666667,0.000000,0.000000,0.000000,200000,354.112838692,901.396699126,42.4421825505,10.9492467756
